法人名,住所,設立日,法人種別
上詠投資股分有限公司,,2026-05-28,外国会社等
Ｎｅｃｔａｒｉｎｅ　Ｆｉｎａｎｃｅ　Ｌｉｍｉｔｅｄ,,2026-05-28,外国会社等
一般社団法人足音,北海道札幌市手稲区前田十条１１丁目１番３９号,2026-05-28,その他の設立登記法人
合同会社福はうち,北海道札幌市清田区里塚緑ケ丘６丁目６番２４号,2026-05-28,合同会社
合同会社笑ＬＡＢＯ,北海道北斗市東前８５番地５,2026-05-28,合同会社
合同会社ＮＯＬＣＡＲＥ,北海道札幌市北区屯田九条９丁目３番１８号,2026-05-28,合同会社
合同会社ＯＮＥ　ＧＲＯＵＰ,北海道函館市深堀町２４番７号スピノス２０２,2026-05-28,合同会社
株式会社Ｈ２,北海道札幌市中央区南十二条西７丁目１番１３号,2026-05-28,株式会社
株式会社ＯｒｉｇｉｎＡｒｃ,北海道札幌市白石区平和通２丁目南６番１１号グランドール２４４‐２０４号,2026-05-28,株式会社
株式会社Ｐａｓｔｕｒｅ　Ｊａｐａｎ,北海道帯広市西十一条南３４丁目４番地２,2026-05-28,株式会社
合同会社験,秋田県秋田市寺内大小路２番２８号大小路貸家Ｂ,2026-05-28,合同会社
アクシスジェイ株式会社,茨城県水戸市青柳町１７８番地の１,2026-05-28,株式会社
バリューパートナーズ株式会社,茨城県常総市水海道森下町４３９３番地グランレーヴ１０１,2026-05-28,株式会社
三協工業株式会社,茨城県神栖市横瀬８０８番地１,2026-05-28,株式会社
合同会社Ｐｅａｃｅ．ＴＡ,茨城県つくば市西高野１９０９番地２,2026-05-28,合同会社
株式会社Ａｉｍａｂｌｅ,茨城県神栖市平泉８番地１０９,2026-05-28,株式会社
株式会社ＢＡＳＥ,茨城県つくばみらい市上平柳１００７番３号,2026-05-28,株式会社
株式会社ＤＲＥＡＭ　ＴＲＡＶＥＬ,茨城県結城市大字結城１１３９７番地１アーバニティ２４・１０５,2026-05-28,株式会社
株式会社ＩＹＡＳＡＫＡ　Ｌｉｎｋａｇｅ,茨城県古河市西牛谷３１７番地７,2026-05-28,株式会社
ＩＤＥＡ＆ＰＯＳＩＴＩＶＥ株式会社,茨城県つくば市研究学園３丁目２０番地２,2026-05-28,株式会社
ｎｉｐｐｏｎ　ｂｕｓｉｎｅｓｓ＆ｃｏ合同会社,茨城県坂東市大崎５１６－１－１階,2026-05-28,合同会社
合同会社誠心サービス,栃木県小山市大字小山２６７９番地１アビタシオン市思水３０５,2026-05-28,合同会社
合同会社鳥海建窓,栃木県足利市寺岡町１２９４番地２,2026-05-28,合同会社
ＭＵＲＳＡＬＥＥＮ　ＴＲＡＤＩＮＧ合同会社,栃木県真岡市清水１４４１－２,2026-05-28,合同会社
一般社団法人かんら総合スポーツクラブ,群馬県甘楽郡甘楽町大字小幡１３９番地４,2026-05-28,その他の設立登記法人
合同会社かくれのホールディングス,群馬県吾妻郡長野原町大字応桑１９８５番地１７２,2026-05-28,合同会社
株式会社遠藤圧送,群馬県前橋市小坂子町１５１２番地６,2026-05-28,株式会社
株式会社ＢＥＬＬ総業,群馬県伊勢崎市本町８番１０の１,2026-05-28,株式会社
株式会社ＫＲＦ,群馬県太田市寄合町１９番地４１０,2026-05-28,株式会社
株式会社Ｒｉｎｋ,群馬県伊勢崎市連取本町１５－９,2026-05-28,株式会社
ＫＵＬＡＮＧＡＲＡ　ＴＲＡＤＩＮＧ合同会社,群馬県太田市西新町７８番地１サンパレス西新町Ｃ－１０５号,2026-05-28,合同会社
Ｌｕｍｉｎａ合同会社,群馬県高崎市貝沢町５９９番地１,2026-05-28,合同会社
ＺＣＯＮＮＥＣＴ合同会社,群馬県太田市下浜田町１２１０番地セカンドシティー２１－３０５,2026-05-28,合同会社
サンライズＴ株式会社,埼玉県戸田市本町１丁目５番７号,2026-05-28,株式会社
合同会社Ｈｉｔｓｖｉｌｌｅ　Ｊ．Ｐ．,埼玉県川口市西川口１丁目５－２０－４階Ａ－７号室,2026-05-28,合同会社
株式会社カノア,埼玉県狭山市大字北入曽４２５番地の１１,2026-05-28,株式会社
株式会社荒田ファーム,埼玉県所沢市大字牛沼６１番地,2026-05-28,株式会社
株式会社西田興業,埼玉県比企郡滑川町大字都１７４番地４,2026-05-28,株式会社
株式会社Ｃｈｅｒｉｅ,埼玉県さいたま市大宮区桜木町４丁目８０５ＭｙＳｔｙｌｅＶｉｎｔａｇｅ,2026-05-28,株式会社
株式会社ＩＮＡＨＯ,埼玉県春日部市粕壁７０１７番地３,2026-05-28,株式会社
株式会社Ｍ＆Ｂブルームパートナーズ,埼玉県戸田市大字新曽１８１９リスティア戸田ブリシアコート４０８,2026-05-28,株式会社
株式会社Ｓ＆Ｓ,埼玉県さいたま市西区三橋６丁目１４１１番地１セントポーリアⅡ３０５,2026-05-28,株式会社
ＯＢＡ　Ｉｎｖｅｓｔｍｅｎｔｓ株式会社,埼玉県八潮市八潮８丁目１２‐１８,2026-05-28,株式会社
ＶＡＬＯＲ　ＲＩＳＥ株式会社,埼玉県さいたま市岩槻区本町１丁目１８番地１０号グリーンビル２階,2026-05-28,株式会社
ｃｏｏｌ合同会社,埼玉県川口市川口１丁目１番３号,2026-05-28,合同会社
エクセルシス合同会社,千葉県袖ケ浦市長浦駅前６丁目１３番地１,2026-05-28,合同会社
オートスターホールディングス合同会社,千葉県佐倉市井野１４０９番地７０プリートⅡ２０１,2026-05-28,合同会社
ハウスジャーニー株式会社,千葉県市原市八幡１６３４番地１コーポ八幡１０１,2026-05-28,株式会社
リアースアグリ合同会社,千葉県山武市成東２８１０番地４０,2026-05-28,合同会社
ルミエールパートナーズ合同会社,千葉県市川市大洲４丁目１９番１４号,2026-05-28,合同会社
一般社団法人志津スポーツアカデミー,千葉県佐倉市下志津原１７０番地,2026-05-28,その他の設立登記法人
合同会社ヒル・システムズ,千葉県千葉市中央区宮崎町４７６番地２０,2026-05-28,合同会社
合同会社Ｃｌｏｓｅ,千葉県船橋市浜町１丁目３９番１２号ＭＡＩＳＯＮ・ＫＩＫＫＡＷＡ－２０１号,2026-05-28,合同会社
合同会社ＬＬｉＭ,千葉県習志野市津田沼３丁目１１番１３－５１０号,2026-05-28,合同会社
合同会社ｔｒｉｅｒ,千葉県松戸市上矢切１４８番地の１２,2026-05-28,合同会社
株式会社東邦舞台,千葉県我孫子市東我孫子２丁目１５番７０号,2026-05-28,株式会社
株式会社池田外構,千葉県松戸市栄町西４丁目１２３３番地の３,2026-05-28,株式会社
株式会社谷子,千葉県松戸市新松戸３丁目３６９パークホームズ新松戸グレイシア２０５,2026-05-28,株式会社
株式会社ＣＮＴ,千葉県成田市松崎７４６番地７,2026-05-28,株式会社
株式会社ＫＡＳＡＮＥ,千葉県千葉市中央区弁天１丁目１５－３リードシー千葉駅前ビルＢ１Ｆ,2026-05-28,株式会社
株式会社ＫＣ,千葉県船橋市高根台７丁目２番１６号,2026-05-28,株式会社
株式会社Ｎｅｘｔ　Ｌｉｎｋｓ,千葉県浦安市今川４丁目９番１号マリーナテイスティ２０３,2026-05-28,株式会社
株式会社Ｒｅｖｅｌｌｅ　ＯＮＥ,千葉県船橋市本町６丁目３番１０－８０２号,2026-05-28,株式会社
泉工業株式会社,千葉県佐倉市西志津８丁目４番８号パークサイドタウンＡ－１０２,2026-05-28,株式会社
ＥＶＯ　ＬＡＮＫＡ,千葉県山武市椎崎１００２－３－Ｅ,2026-05-28,外国会社等
ＦＣＡホールディングス株式会社,千葉県習志野市谷津５丁目３８番２４号,2026-05-28,株式会社
Ｋプランニング株式会社,千葉県印西市牧の原４丁目１番地２８,2026-05-28,株式会社
ＹＭ　ＩＮＴＥＲＮＡＴＩＯＮＡＬ　ＴＲＤ株式会社,千葉県野田市木間ケ瀬４６７１－１４,2026-05-28,株式会社
うさうさＡＩ株式会社,東京都千代田区神田神保町３丁目１１番６号神保町ビル１０階,2026-05-28,株式会社
まいにちたのしい合同会社,東京都調布市深大寺東町３丁目２０番地２７,2026-05-28,合同会社
アクシオン・エックス合同会社,東京都八王子市西寺方町９８８番地１５,2026-05-28,合同会社
アプローズ株式会社,東京都千代田区神田三崎町３丁目５－９天翔水道橋ビル４０５－Ｂ号室,2026-05-28,株式会社
アントレクション株式会社,東京都港区元赤坂１丁目２番７号赤坂Ｋタワー４Ｆ,2026-05-28,株式会社
インテクション株式会社,東京都千代田区神田小川町１丁目８番地３小川町北ビル５階,2026-05-28,株式会社
ココハ合同会社,東京都中央区銀座１丁目１２－４Ｎ＆ＥＢＬＤ．７階,2026-05-28,合同会社
シティタワーズ東京ベイ団地管理組合法人,東京都江東区有明２丁目１番２号,2026-05-28,その他の設立登記法人
トレカプロ株式会社,東京都港区新橋１丁目１２－９新橋プレイス７Ｆ,2026-05-28,株式会社
ニューロプラス株式会社,東京都中央区日本橋兜町１７番２号第６葉山ビル４Ｆ,2026-05-28,株式会社
ネスメット合同会社,東京都港区麻布十番３丁目１１－８－２０３,2026-05-28,合同会社
ヒスイ合同会社,東京都大田区大森北４丁目２６－２６,2026-05-28,合同会社
ライムズファイナンス株式会社,東京都武蔵野市境４丁目２番２２号１－１階左側,2026-05-28,株式会社
リアルフレンド株式会社,東京都渋谷区道玄坂１丁目１０番８号渋谷道玄坂東急ビル２Ｆ－Ｃ,2026-05-28,株式会社
リノヴァライフ合同会社,東京都渋谷区神泉町１０番１５号アネックス神泉３０１,2026-05-28,合同会社
一般社団法人全国専門学校評価機構,東京都中央区銀座１丁目１２番４号Ｎ＆ＥＢＬＤ．７階,2026-05-28,その他の設立登記法人
一般社団法人日本チャリティスポーツ推進機構,東京都新宿区高田馬場２丁目５番２４号,2026-05-28,その他の設立登記法人
一般社団法人日本学生フラ連盟,東京都世田谷区野沢３丁目２０番１０号,2026-05-28,その他の設立登記法人
一般社団法人ＲＩＧＨＴＳ　ＦＯＲＷＡＲＤ,東京都千代田区平河町２丁目５番３号,2026-05-28,その他の設立登記法人
一般社団法人ＵＩ・ＵＸ協会,東京都北区赤羽１丁目２１番３号,2026-05-28,その他の設立登記法人
一般財団法人ＲＥＳＴＡＲＴ　ＪＡＰＡＮ財団,東京都港区西麻布３丁目１５番９号,2026-05-28,その他の設立登記法人
上信株式会社,東京都足立区竹の塚２丁目１７－３,2026-05-28,株式会社
今津ライトハウス合同会社,東京都新宿区弁天町９番地,2026-05-28,合同会社
全球城市会客庁日本株式会社,東京都千代田区丸の内１丁目８番３号丸の内トラストタワー本館２０階,2026-05-28,株式会社
合同会社どこでもメディア研究所,東京都渋谷区道玄坂１丁目１２番１号渋谷マークシティウェスト２２Ｆ１３４号室,2026-05-28,合同会社
合同会社はぷサン,東京都渋谷区恵比寿西２丁目４番８号ウィンド恵比寿ビル８Ｆ,2026-05-28,合同会社
合同会社オーガスト,東京都新宿区市谷仲之町１番７－４１１号,2026-05-28,合同会社
合同会社セブン,東京都板橋区徳丸６丁目２４番９号,2026-05-28,合同会社
合同会社トーアセ,東京都墨田区緑４丁目４番５号,2026-05-28,合同会社
合同会社ニブンノニ,東京都杉並区高円寺南５丁目３５－２０ヴェルデ・フィオーレ１０１,2026-05-28,合同会社
合同会社ハナミチワークス,東京都千代田区神田神保町３丁目１１番６号神保町ビル１０階,2026-05-28,合同会社
合同会社ユーアイ,東京都板橋区常盤台１丁目２０番１２号,2026-05-28,合同会社
合同会社ルミナス,東京都千代田区神田駿河台３丁目１－７－５Ｆ,2026-05-28,合同会社
合同会社ルミナソール,東京都渋谷区道玄坂１丁目１０番８号渋谷道玄坂東急ビル２Ｆ－Ｃ,2026-05-28,合同会社
合同会社区分バリューアップ運用企画３号,東京都千代田区霞が関３丁目２番５号,2026-05-28,合同会社
合同会社大島アセット＆ワークス,東京都新宿区富久町１５番１‐４３０４号,2026-05-28,合同会社
合同会社福西産業医事務所,東京都港区南青山４丁目９番２７号ビューネ南青山ヒルズ４０６,2026-05-28,合同会社
合同会社鈴ノ,東京都葛飾区新小岩４丁目１９番２号グラン新小岩１階,2026-05-28,合同会社
合同会社Ａ＆Ｓ,東京都港区北青山１丁目３番１号アールキューブ青山３階,2026-05-28,合同会社
合同会社ＡＩＤＥ　ＰＬＵＳ,東京都新宿区北新宿１丁目１番１５号６階,2026-05-28,合同会社
合同会社ＣＡＴ　ＳＴＲＥＥＴ,東京都港区赤坂９丁目１番７号,2026-05-28,合同会社
合同会社ＣＯＮＦＩＤＯ,東京都渋谷区道玄坂２丁目１５－１－１０７,2026-05-28,合同会社
合同会社Ｄ．ｎｅｔ,東京都荒川区西尾久４丁目８番１０号グローリア初穂田端２０２室,2026-05-28,合同会社
合同会社ＧＩＳ,東京都港区元赤坂１丁目１番７号,2026-05-28,合同会社
合同会社Ｈ＆Ｋ,東京都港区港南２丁目４番１４号－４階,2026-05-28,合同会社
合同会社ＫＲ,東京都渋谷区道玄坂１丁目１６－６二葉ビル８ｂ,2026-05-28,合同会社
合同会社ＭＦ８,東京都港区赤坂４丁目１－２９赤坂赤菱ビル５階,2026-05-28,合同会社
合同会社ＭｏＡＩ,東京都新宿区西新宿６丁目２０番７号,2026-05-28,合同会社
合同会社Ｐｉｃｌｏｄｙ　Ｓｔｕｄｉｏ,東京都台東区上野１丁目１７番６号広小路ビル８Ｆ－Ｂ,2026-05-28,合同会社
合同会社Ｐｒｏｓｐｅｒｉｚｅ,東京都羽村市小作台２丁目６番１５号,2026-05-28,合同会社
合同会社ＲＥＡＬＭＡＲＵ,東京都千代田区神田神保町１丁目７番１１号日本文芸社ビル５Ｆ,2026-05-28,合同会社
合同会社ＷＥ１,東京都港区赤坂１丁目３番５号,2026-05-28,合同会社
合同会社Ｗｅｂｉｔ,東京都港区南青山２丁目２番１５号,2026-05-28,合同会社
合同会社ｉｋａｒａｓｈｉ,東京都新宿区新宿３丁目９番３号新宿土地建物第８ビル３Ｆ,2026-05-28,合同会社
多類鏈國際株式会社,東京都文京区千石４丁目１４番９号,2026-05-28,株式会社
富山建工株式会社,東京都葛飾区新宿２丁目２３番７号,2026-05-28,株式会社
希和資本株式会社,東京都千代田区麹町４丁目４－４ＡＣＮ麹町ビル７Ｆ,2026-05-28,株式会社
快美合同会社,東京都大田区蒲田本町１丁目１番２－１２１０号,2026-05-28,合同会社
恵誠アセットマネジメント株式会社,東京都江東区豊洲３丁目６番８号,2026-05-28,株式会社
日利株式会社,東京都台東区浅草橋１丁目９番１５号８階,2026-05-28,株式会社
株式会社からのもぬけ,東京都新宿区新宿２丁目１２番１３号新宿アントレサロンビル２階,2026-05-28,株式会社
株式会社むすびＮＥＸＴデザイン,東京都新宿区高田馬場３丁目３番１号ユニオン駅前ビル２Ｂ,2026-05-28,株式会社
株式会社りとかた,東京都品川区中延２丁目１７番７－６０１号,2026-05-28,株式会社
株式会社アシェラッド,東京都新宿区新宿２丁目８番１５号パークフロント新宿２０２号室,2026-05-28,株式会社
株式会社エヌ・アンド・アイ・ホールディングス,東京都千代田区一ツ橋２丁目５番５号,2026-05-28,株式会社
株式会社セラフグループ,東京都中央区銀座１丁目２２―１１銀座大竹ビジデンス２Ｆ,2026-05-28,株式会社
株式会社タレスト,東京都目黒区下目黒１丁目１番１４号コノトラビル７Ｆ,2026-05-28,株式会社
株式会社ディレクションスタジオ,東京都渋谷区広尾１丁目２番地１号ヒカリビル４階,2026-05-28,株式会社
株式会社ニューリーフ,東京都八王子市打越町２１２２番地６,2026-05-28,株式会社
株式会社ネクストリム,東京都新宿区新宿２丁目９番２２号４階,2026-05-28,株式会社
株式会社プロテリアルマグネティクス,東京都江東区豊洲５丁目６番３６号,2026-05-28,株式会社
株式会社ベックホールディングス,東京都港区虎ノ門４丁目１番１７号神谷町プライムプレイス９階株式会社ＦｅｌｉｃｉｔｙＣａｐｉｔａｌ内,2026-05-28,株式会社
株式会社メディカルプラスホールディングス,東京都中央区日本橋小伝馬町１２番５号,2026-05-28,株式会社
株式会社ユナイト,東京都西多摩郡瑞穂町南平１丁目８番地５,2026-05-28,株式会社
株式会社リメイト,東京都足立区千住龍田町１６番８号３０２,2026-05-28,株式会社
株式会社レイワーカーズ,東京都港区赤坂４丁目１－２９赤坂赤菱ビル５階,2026-05-28,株式会社
株式会社恆二喜,東京都渋谷区上原３丁目４５番３号,2026-05-28,株式会社
株式会社早川工芸,東京都足立区大谷田２丁目３番３５－３－８１３号,2026-05-28,株式会社
株式会社旭リアルティ,東京都港区南青山６丁目２番２号,2026-05-28,株式会社
株式会社木と風,東京都墨田区京島１丁目１７番４号１０１,2026-05-28,株式会社
株式会社栗山太成,東京都目黒区東山２丁目２番５－８０５号,2026-05-28,株式会社
株式会社澪ホールディングス,東京都新宿区西新宿４丁目１６―１３西新宿ＭＫビル,2026-05-28,株式会社
株式会社秋葉原三十貨店,東京都千代田区外神田１丁目１０－１１,2026-05-28,株式会社
株式会社空と色,東京都港区北青山１丁目３番１号アールキューブ青山３階,2026-05-28,株式会社
株式会社花に嵐,東京都渋谷区神南１丁目１１－４ＦＰＧリンクス神南５階,2026-05-28,株式会社
株式会社Ａ　Ｂｅｔｔｅｒ　Ｃａｓｅ,東京都渋谷区恵比寿４丁目２０番３号恵比寿ガーデンプレイスタワー,2026-05-28,株式会社
株式会社Ａ．Ｊ,東京都港区東麻布３丁目８番７号麻布ウィンテンビル８階ＭＩＤ・ＢＲＥＡＴＨ,2026-05-28,株式会社
株式会社Ａｋａｒｉ　Ｏｎｅ,東京都新宿区西新宿３丁目３番１３号西新宿水間ビル６階,2026-05-28,株式会社
株式会社Ａｌｍｉｅ,東京都港区浜松町２丁目２番１５号浜松町ダイヤビル２Ｆ,2026-05-28,株式会社
株式会社Ａｓｃｏｒａ　Ｇｌｏｂａｌ,東京都中央区勝どき６丁目３番１－８１１号,2026-05-28,株式会社
株式会社Ａｘｉｓ　Ｆｉｅｌｄ,東京都千代田区二番町１番町ハイム４１７号,2026-05-28,株式会社
株式会社ＢＲＩスポーツマネジメント,東京都港区六本木７丁目１５番９号,2026-05-28,株式会社
株式会社ＢｉｏＬｕｍｉｎａ,東京都港区南青山２丁目２番１５号ＷｉｎＡｏｙａｍａビルＵＣＦ６３５,2026-05-28,株式会社
株式会社ＢｏａｔＨｉｇｈ,東京都新宿区西新宿３丁目３番１３号西新宿水間ビル２Ｆ,2026-05-28,株式会社
株式会社ＣＥＮＴＲＡＸ,東京都目黒区上目黒２丁目４０番２７号,2026-05-28,株式会社
株式会社Ｃｈａｂｌｉｓ,東京都中央区銀座１丁目１２－４Ｎ＆ＥＢＬＤ．７階,2026-05-28,株式会社
株式会社Ｃｌｏｖｅｒ,東京都台東区元浅草３丁目３番７－４０１号日神デュオステージ新御徒町,2026-05-28,株式会社
株式会社ＤＳＵ,東京都世田谷区等々力５丁目２２番６号,2026-05-28,株式会社
株式会社Ｅｌ　Ｌｕｎａｒｉａ,東京都新宿区高田馬場１丁目３１番地１６号,2026-05-28,株式会社
株式会社Ｆｌｉｕｍ,東京都渋谷区道玄坂１丁目１０番８号渋谷道玄坂東急ビル２Ｆ－Ｃ,2026-05-28,株式会社
株式会社Ｇ　ＡＷＡＫＥＲ,東京都江東区大島８丁目４０番１号ライオンズマンション３０４号,2026-05-28,株式会社
株式会社ＨＩＫＯＭＡＲＵ,東京都中央区日本橋人形町３丁目９番２号,2026-05-28,株式会社
株式会社Ｉホールディングス,東京都渋谷区道玄坂１丁目１０番８号渋谷道玄坂東急ビル２Ｆ－Ｃ,2026-05-28,株式会社
株式会社Ｊｉｋｋａ　ｃｒｅａｔｉｖｅ,東京都港区南青山５丁目１１番２４号２Ｆ,2026-05-28,株式会社
株式会社ＬＡＬＡ‐ＢＹ,東京都品川区東品川４丁目１２番６号品川シーサイドキャナルタワー４Ｆ,2026-05-28,株式会社
株式会社ＬＡＵＲＥＮＣＥ,東京都渋谷区神南１丁目１１－４ＦＰＧリンクス神南５階,2026-05-28,株式会社
株式会社ＬＩＳＩＯ,東京都港区北青山３丁目１２－７秋月ビル５０１,2026-05-28,株式会社
株式会社ＬＵＸＯ,東京都港区高輪１丁目１３番３号,2026-05-28,株式会社
株式会社Ｌｉｏｒａ　Ａｓｓｅｔ　Ｐａｒｔｎｅｒｓ,東京都港区赤坂２丁目２１番６－１００２号室,2026-05-28,株式会社
株式会社ＭＥＩ,東京都世田谷区岡本２丁目１番１０－２０６号,2026-05-28,株式会社
株式会社ＭＩＭＩＺＵ,東京都墨田区横川１丁目１６番３号,2026-05-28,株式会社
株式会社ＭＬＯ１,東京都港区赤坂４丁目１番１号ビステーション赤坂６階,2026-05-28,株式会社
株式会社Ｍｕｓｅ,東京都渋谷区道玄坂１丁目１０番８号渋谷道玄坂東急ビル２Ｆ－Ｃ,2026-05-28,株式会社
株式会社ＮＳＳＫ‐Ｐ１,東京都港区愛宕２丁目５番１号愛宕グリーンヒルズＭＯＲＩタワー,2026-05-28,株式会社
株式会社ＮＳＳＫ‐Ｐ２,東京都港区愛宕２丁目５番１号愛宕グリーンヒルズＭＯＲＩタワー,2026-05-28,株式会社
株式会社ＮＳＳＫ‐Ｑ１,東京都港区愛宕２丁目５番１号愛宕グリーンヒルズＭＯＲＩタワー,2026-05-28,株式会社
株式会社ＮＳＳＫ‐Ｑ２,東京都港区愛宕２丁目５番１号愛宕グリーンヒルズＭＯＲＩタワー,2026-05-28,株式会社
株式会社ＯＤホーム,東京都羽村市羽加美１丁目３３番地４,2026-05-28,株式会社
株式会社ＯＮＫＮ,東京都新宿区西新宿３丁目３番１３号西新宿水間ビル２Ｆ,2026-05-28,株式会社
株式会社Ｐｌｙｓ,東京都品川区東品川２丁目２番４号,2026-05-28,株式会社
株式会社ＲＥＤ,東京都新宿区四谷４丁目３番２９号伸治ビル９階,2026-05-28,株式会社
株式会社ＲＥＪＯＩＳ,東京都中央区勝どき５丁目３－１勝どきザ・タワー９１０号室,2026-05-28,株式会社
株式会社Ｒｉｎｅ　ａｇｅ,東京都中央区東日本橋１丁目５番６号光陽ビル６階,2026-05-28,株式会社
株式会社ＳＫＹ,東京都中央区銀座１丁目１２－４Ｎ＆ＥＢＬＤ．７階,2026-05-28,株式会社
株式会社Ｓａｋａｍａ　Ａｒｍｓ,東京都墨田区本所１丁目７番６号パレブラン蔵前１Ｆ,2026-05-28,株式会社
株式会社Ｓｅｅｄ,東京都墨田区江東橋３丁目３番１０号３階,2026-05-28,株式会社
株式会社Ｓｔｕｄｉｏ　Ｄｉｇ,東京都新宿区四谷三栄町８－７ネオ寺島ビル３階,2026-05-28,株式会社
株式会社ＴＥＲＡＵＳ,東京都港区南青山３丁目１番３６号青山丸竹ビル６階,2026-05-28,株式会社
株式会社ＴＨＥ　ＯＮＥ,東京都江戸川区中葛西７丁目１８番９－２０６号,2026-05-28,株式会社
株式会社Ｔｈｅ　ＰＨＥＮＯＭＥＮＯＮ．,東京都渋谷区道玄坂１丁目１０番８号渋谷道玄坂東急ビル２Ｆ－Ｃ,2026-05-28,株式会社
株式会社Ｗａｎｎｙｓ,東京都港区新橋３丁目１６番１２号第一横山ビル６階Ａ号,2026-05-28,株式会社
株式会社ＹＥＬＬＯＷ　ＩＮＫ,東京都新宿区新宿３丁目３４番１３号,2026-05-28,株式会社
株式会社ｋｎｉｔ,東京都渋谷区道玄坂１丁目１０番８号渋谷道玄坂東急ビル２Ｆ－Ｃ,2026-05-28,株式会社
株式会社ｔｏｍｏｒｏｍｙ,東京都港区西新橋２丁目１番１号,2026-05-28,株式会社
森耀興業合同会社,東京都新宿区大久保１丁目１番３０号ミハス東新宿Ⅱ２０３号室,2026-05-28,合同会社
楽生合同会社,東京都新宿区百人町１丁目１５番２０号レジデンスカマタ１０３,2026-05-28,合同会社
渋谷１号合同会社,東京都渋谷区神南１丁目１１－４ＦＰＧリンクス神南５階,2026-05-28,合同会社
渓和投資株式会社,東京都中央区月島３丁目３２－１－３０６,2026-05-28,株式会社
瀧原産業株式会社,東京都千代田区岩本町１丁目１０番５号,2026-05-28,株式会社
禄揚合同会社,東京都墨田区両国２丁目１７番１１号大起ビル,2026-05-28,合同会社
結い株式会社,東京都世田谷区太子堂４丁目１８番１５号マガザン三軒茶屋２－３Ｆ－３,2026-05-28,株式会社
豊瀧開発株式会社,東京都三鷹市上連雀５丁目２５番１４号,2026-05-28,株式会社
ＡＳＹＵＫＡ株式会社,東京都中央区日本橋室町１丁目１１番１２号日本橋水野ビル７階,2026-05-28,株式会社
Ａｓｔｒａ　Ｔｅｃｈ株式会社,東京都渋谷区道玄坂１丁目１０番８号渋谷道玄坂東急ビル２Ｆ－Ｃ,2026-05-28,株式会社
Ａｕｒｅｕｓ　Ｇｌｏｂａｌ株式会社,東京都中央区銀座１丁目１２番４号Ｎ＆ＥＢＬＤ．６Ｆ,2026-05-28,株式会社
ＣＨＹＭ株式会社,東京都渋谷区神宮前６丁目２３番４号桑野ビル２階,2026-05-28,株式会社
ＣＩＰマネジメントコンサルティングジャパン株式会社,東京都港区南青山３丁目１番３６号青山丸竹ビル６Ｆ,2026-05-28,株式会社
Ｃｈａｒｕｍ合同会社,東京都港区六本木３丁目１６番１２号六本木ＫＳビル５Ｆ,2026-05-28,合同会社
ＣｏＬｉｎｋ株式会社,東京都渋谷区恵比寿西１丁目２５番１０号３０２号室,2026-05-28,株式会社
ＥＤＭＬ　ＪＡＰＡＮ株式会社,東京都江東区塩浜２丁目５番１－４１８号,2026-05-28,株式会社
ＥＳＲ　Ｍｉｎｏｈ１合同会社,東京都港区浜松町１丁目２０番１０号ライオネス浜松町５０６号室,2026-05-28,合同会社
ＦＵＲＵＫＡＷＡマネジメント株式会社,東京都中央区月島１丁目５番１－３９０４号,2026-05-28,株式会社
ＦＹＣテラ株式会社,東京都品川区西五反田８丁目４番１３号五反田ＪＰビルデイング６階,2026-05-28,株式会社
ＦＹＣマネジメント株式会社,東京都品川区西五反田８丁目４番１３号五反田ＪＰビルデイング６階,2026-05-28,株式会社
Ｆｏｒｅｓｔ　Ａｒｔ　Ｐａｒｔｎｅｒｓ株式会社,東京都渋谷区幡ヶ谷１丁目７番７号ミュージシャンズヴィラ幡ヶ谷５０４,2026-05-28,株式会社
ＧＢＳ株式会社,東京都新宿区喜久井町２０－１０２・３Ｆ,2026-05-28,株式会社
Ｇｏｌｄ　Ｏｐｅｒａｔｉｏｎ合同会社,東京都港区六本木１丁目９番１０号アークヒルズ仙石山森タワー４０階,2026-05-28,合同会社
ＩＬＬＯＵＴ株式会社,東京都世田谷区太子堂４丁目１８番１５号マガザン三軒茶屋２‐３Ｆ‐３,2026-05-28,株式会社
ＪＬ　Ａｄｖｉｓｏｒｙ　Ｓｅｒｖｉｃｅｓ合同会社,東京都港区南青山１丁目１番１号新青山ビル東館７階,2026-05-28,合同会社
ＪＯＡＴ　Ａｇｅｎｃｙ合同会社,東京都渋谷区道玄坂１丁目１０番８号渋谷道玄坂東急ビル２Ｆ－Ｃ,2026-05-28,合同会社
ＫＡＧＥＴＹ．株式会社,東京都港区北青山１丁目３番３号三橋ビル３階,2026-05-28,株式会社
ＫＩＺＮＡＲＡ株式会社,東京都港区六本木３丁目１６番１２号六本木ＫＳビル５Ｆ,2026-05-28,株式会社
ＫＬＫ株式会社,東京都港区浜松町２丁目２番１５号浜松町ダイヤビル２Ｆ,2026-05-28,株式会社
Ｋｎｏｔ合同会社,東京都港区芝浦１丁目１２－３Ｄａｉｗａ芝浦ビル９０８,2026-05-28,合同会社
Ｋｕｒｉｙａｍａ　Ｉｎｖｅｓｔｍｅｎｔｓ株式会社,東京都目黒区東山２丁目２番５－８０５号,2026-05-28,株式会社
ＬＥジャパン株式会社,東京都千代田区麹町４丁目３－１６紅谷ビル４Ｆ,2026-05-28,株式会社
Ｌｅｘ　Ａｅｇｉｓ合同会社,東京都渋谷区道玄坂１丁目１０番８号渋谷道玄坂東急ビル２Ｆ－Ｃ,2026-05-28,合同会社
Ｌｏｕｄｂｅｌｌ合同会社,東京都新宿区西新宿３丁目３番１３号西新宿水間ビル６階,2026-05-28,合同会社
ＭＡＭＩＸ株式会社,東京都小平市美園町１丁目１２番２４号パールハイツ中沢１０１,2026-05-28,株式会社
ＭＭＡ　Ｊａｐａｎ　Ｒｅａｌ　Ｅｓｔａｔｅ　Ｆｕｎｄ１合同会社,東京都港区六本木６丁目２番３１号,2026-05-28,合同会社
ＭｅｄＢｒｉｄｇｅ　Ｐａｒｔｎｅｒｓ合同会社,東京都中央区銀座１丁目１２番４号Ｎ＆ＥＢＬＤ．６Ｆ,2026-05-28,合同会社
Ｍｏｒｅ　Ｔｈｉｎｇｓ．株式会社,東京都世田谷区野沢２丁目３４番７－７０３号,2026-05-28,株式会社
ＮＫ　ＷＨＩＴＥ合同会社,東京都中央区日本橋２丁目１６－４ｒｅｍｉｘ日本橋６階,2026-05-28,合同会社
ＮＯＶＡＲＩＡ合同会社,東京都港区南青山３丁目１番３６号青山丸竹ビル６Ｆ,2026-05-28,合同会社
ＮＳＳＫ‐ＤＥＬＴＡ２合同会社,東京都港区愛宕２丁目５番１号愛宕グリーンヒルズＭＯＲＩタワー,2026-05-28,合同会社
ＰＰＧ株式会社,東京都江東区亀戸５丁目３２番５号,2026-05-28,株式会社
ＳＤＣ合同会社,東京都中央区京橋１丁目１４番５号,2026-05-28,合同会社
ＳＩＴＯ合同会社,東京都千代田区霞が関３丁目２番５号,2026-05-28,合同会社
Ｓｐｉｃｅ　Ｒｅｓｏｎａｒｅ株式会社,東京都品川区西五反田３丁目１５番８号Ｂｉｚ－Ｆｉｅｌｄ目黒２階,2026-05-28,株式会社
Ｔｏｔｏ＆Ａｌｆｒｅｄｏ合同会社,東京都江東区扇橋２丁目１０番３－１３１０号,2026-05-28,合同会社
Ｖａｌｕｅ　ＵＰ合同会社,東京都中野区東中野５丁目１番１－２３０４号,2026-05-28,合同会社
Ｗａｎｄｅｒ　Ｂａｓｅ株式会社,東京都港区六本木５丁目１３番２８－３０４号,2026-05-28,株式会社
Ｗｅ２Ｅ株式会社,東京都中央区築地１丁目３番１２－２０３号,2026-05-28,株式会社
Ｙｏｏｎ＆Ｐａｒｔｎｅｒｓ株式会社,東京都新宿区西新宿８丁目１１－１０星野ビル３１８号,2026-05-28,株式会社
ＺＡＷＡＸ株式会社,東京都新宿区高田馬場２丁目８番２５号,2026-05-28,株式会社
ａｉ　ａｎｄ　ｈｕｍａｎｓ合同会社,東京都品川区大崎２丁目６番１５号,2026-05-28,合同会社
ちゃいるどはうす株式会社,神奈川県小田原市曽比１８３４番地の３,2026-05-28,株式会社
タイディロジ株式会社,神奈川県海老名市中央１丁目１６番３１号Ａ＆ＮＩビル１Ｆ,2026-05-28,株式会社
ラポールアーク株式会社,神奈川県横浜市中区弥生町１丁目１４番地４,2026-05-28,株式会社
一般財団法人オペラ学術研究機構,神奈川県横浜市西区みなとみらい３丁目７番２－６０８号,2026-05-28,その他の設立登記法人
共生メディカル株式会社,神奈川県小田原市曽我別所８０６番地,2026-05-28,株式会社
合同会社Ｍａｙｓ,神奈川県藤沢市南藤沢２３番６号富士見ビル３Ｆ－Ａ,2026-05-28,合同会社
合同会社Ｎ　ｍｏｔｅｒ　Ｇａｒａｇｅ,神奈川県藤沢市片瀬海岸１丁目４番４号エースタワー１０１,2026-05-28,合同会社
巡るいのち合同会社,神奈川県鎌倉市浄明寺５丁目９番１０号,2026-05-28,合同会社
株式会社こころ住設,神奈川県横浜市金沢区寺前１丁目１３番３３号,2026-05-28,株式会社
株式会社ブライトアンドカラーズ,神奈川県伊勢原市東大竹７１４番地の５,2026-05-28,株式会社
株式会社ホップ,神奈川県厚木市栄町１丁目６番１０号ヴィラデルソーレ栄９０５号室,2026-05-28,株式会社
株式会社堀本マネジメント,神奈川県藤沢市善行７丁目９－１７湘南ビル１０１号室,2026-05-28,株式会社
株式会社岡田組,神奈川県秦野市東田原１５０番地の２,2026-05-28,株式会社
株式会社愛川商事,神奈川県愛甲郡愛川町田代３５６番地１,2026-05-28,株式会社
株式会社Ａ‐Ｙ,神奈川県高座郡寒川町一之宮３丁目１８番３８号,2026-05-28,株式会社
株式会社ＫＣｃｏｒｐｏｒａｔｉｏｎ,神奈川県川崎市川崎区小川町１４番地１６小川町ビル８Ｆ,2026-05-28,株式会社
株式会社Ｗｉｎｎｉｎｇ　Ｓｍｉｌｅ,神奈川県中郡大磯町東小磯９１０番地８,2026-05-28,株式会社
ｅｌｅＸｌｉｎｋ合同会社,神奈川県綾瀬市寺尾西３丁目７番１５－１号,2026-05-28,合同会社
ｐａｔｈ　ｗｅａｖｅ合同会社,神奈川県横浜市鶴見区市場大和町１０‐４３‐７２７,2026-05-28,合同会社
合同会社あそびば,新潟県見附市今町２丁目１４－９２,2026-05-28,合同会社
合同会社Ｎｏｒｔｈ　Ｖａｌｅ,福井県坂井市丸岡町一本田中１１－１０,2026-05-28,合同会社
株式会社Ｌ’ｅｃｌａｔ,福井県鯖江市水落町１丁目１番２５号,2026-05-28,株式会社
合同会社トップラボ,長野県上伊那郡南箕輪村５３９２－２,2026-05-28,合同会社
合同会社ＫＡＩＲＥＮ,長野県上伊那郡飯島町七久保４７０５番地１９,2026-05-28,合同会社
株式会社ヤマト工業,長野県中野市大字岩井７０１－３,2026-05-28,株式会社
株式会社Ｓｅｎｓｉｎｇ　Ｓｔｕｄｉｏ,長野県北佐久郡軽井沢町大字軽井沢１０１３番地４２,2026-05-28,株式会社
きらき合同会社,岐阜県岐阜市加納朝日町２丁目１４－２せいか荘３号室,2026-05-28,合同会社
一般社団法人空と大地の博物館,岐阜県郡上市白鳥町白鳥５０８番地４,2026-05-28,その他の設立登記法人
合同会社千亨園,岐阜県羽島市上中町長間１５９５番地２,2026-05-28,合同会社
合同会社桔梗会,岐阜県大垣市高屋町１丁目１８番地第一フジビル３Ｆ,2026-05-28,合同会社
株式会社幸天,岐阜県多治見市幸町７丁目２４－１,2026-05-28,株式会社
株式会社翼商事,岐阜県岐阜市東鶉３丁目７番地１－２０１,2026-05-28,株式会社
株式会社ＣＥＮＡ,岐阜県岐阜市茜部寺屋敷１丁目４６―２,2026-05-28,株式会社
株式会社ＳＯＦＡＲ,岐阜県羽島市江吉良町江中７丁目２４番地Ａｓｖｉｌｌａｇｅ３階Ｐ１,2026-05-28,株式会社
株式会社ｔｏｗａｉｅ,岐阜県各務原市蘇原沢上町３丁目２８番地,2026-05-28,株式会社
ヤベトラスト合同会社,静岡県沼津市上土町１００番地の１ナティ沼津１２０５,2026-05-28,合同会社
合同会社８,静岡県駿東郡小山町須走２１－５０,2026-05-28,合同会社
はなさか株式会社,愛知県名古屋市西区城北町３丁目８番地の１,2026-05-28,株式会社
一般社団法人育み,愛知県名古屋市緑区大高町字高見１２番地の２,2026-05-28,その他の設立登記法人
合同会社日栄,愛知県豊田市上野町２丁目５０８番地,2026-05-28,合同会社
合同会社Ｌａｖｅｃ,愛知県名古屋市緑区文久山４０６番地,2026-05-28,合同会社
孚拓株式会社,愛知県名古屋市中区栄３丁目１１番５号栄マンションＳ棟４１９号室,2026-05-28,株式会社
彩合同会社,愛知県名古屋市中村区名駅４丁目２４番５号第２森ビル４０１,2026-05-28,合同会社
株式会社マルエイリンク,愛知県豊田市浄水町５丁目４１番地７,2026-05-28,株式会社
株式会社三陽,愛知県一宮市起字河田揚１０１４番地２,2026-05-28,株式会社
株式会社ＡＩＲＥ,愛知県名古屋市中村区名駅３丁目４－１０アルティメイト名駅１ｓｔ２階,2026-05-28,株式会社
株式会社ＨＵＮＴ,愛知県一宮市真清田１丁目３番３号桃花館１Ｂ,2026-05-28,株式会社
株式会社ＲＥＬＡＸＩＮＧ　ＪＰ　ＳＴＡＴＩＯＮ,愛知県小牧市大字本庄２６１３番地２３８,2026-05-28,株式会社
株式会社Ｒｅｐａｙ,愛知県名古屋市北区辻本通１丁目４９番地の１ロイヤルメゾン城見台６０３号,2026-05-28,株式会社
株式会社ＹＧＭ,愛知県名古屋市天白区弥生が岡３２７番地,2026-05-28,株式会社
ＡＩ経営共創パートナーズ株式会社,愛知県名古屋市中村区中村町６丁目２４Ｃｅｒｅｓ中村公園前２０３,2026-05-28,株式会社
ＯＲＩＧＩＮ　ＨＯＬＤＩＮＧＳ合同会社,愛知県みよし市東陣取山３１番地６,2026-05-28,合同会社
ＰＯＷＥＲ不動産株式会社,愛知県豊田市上郷町会下山５０番地３,2026-05-28,株式会社
ＳａｑｏＴｅｃｈ合同会社,愛知県名古屋市中川区澄池町５－５,2026-05-28,合同会社
ノビリア株式会社,三重県四日市市羽津中１丁目４番２１号,2026-05-28,株式会社
合同会社伊勢藤波事務所,三重県伊勢市一色町１３１７番地５,2026-05-28,合同会社
Ｐｅｒｃｈ合同会社,三重県四日市市河原町１８番５号,2026-05-28,合同会社
合同会社ランス,滋賀県草津市岡本町１０７３番地１,2026-05-28,合同会社
テロワールアーキテクト株式会社,京都府京都市左京区田中東春菜町３０－３,2026-05-28,株式会社
一般社団法人国際藝音協会,京都府乙訓郡大山崎町字大山崎小字鏡田３番地５８,2026-05-28,その他の設立登記法人
一般社団法人ＫＳＴクラブ,京都府京都市中京区西ノ京南原町５３番地２,2026-05-28,その他の設立登記法人
一般社団法人Ｌｕｍｉｎｏｕｓ　Ｗｏｒｌｄ　Ｊａｐａｎ,京都府宇治市神明石塚５４番地の１７４,2026-05-28,その他の設立登記法人
株式会社アローヴラボ,京都府京都市下京区真苧屋町２０５番地,2026-05-28,株式会社
株式会社新佐,京都府京丹後市丹後町間人２１５１番地,2026-05-28,株式会社
株式会社熊魚菴,京都府向日市森本町戌亥５番地の３,2026-05-28,株式会社
株式会社ＡＴビルド,京都府京都市西京区上桂宮ノ後町３８番地２田中ビル２階,2026-05-28,株式会社
沼田工業合同会社,京都府京都市伏見区深草大亀谷金森出雲町１番地３６,2026-05-28,合同会社
落雷対策株式会社,京都府京都市西京区大枝北沓掛町７丁目１４番地６,2026-05-28,株式会社
ＭＵＲＡＬＬ株式会社,京都府京都市北区大宮南山ノ前町１１番地２,2026-05-28,株式会社
ＮＥＸＩＳ　ＥＮＧＩＮＥＥＲＩＮＧ株式会社,京都府南丹市園部町小山東町平成台２号６４番地２,2026-05-28,株式会社
Ｓｉｇｎｕｍ　Ｊａｐａｎ株式会社,京都府木津川市州見台６丁目５－４,2026-05-28,株式会社
ヒメロウ株式会社,大阪府大阪市港区八幡屋３丁目５番１－２０７号,2026-05-28,株式会社
ユニスマイル合同会社,大阪府大阪市天王寺区筆ケ崎町６番１２－２９０５号,2026-05-28,合同会社
一般社団法人外国人材雇用マネジメント協会,大阪府大阪市北区梅田１丁目２番２号大阪駅前第２ビル１２－１２,2026-05-28,その他の設立登記法人
一般社団法人香墨,大阪府大阪市北区梅田１丁目２番２号大阪駅前第２ビル１２階１２号室,2026-05-28,その他の設立登記法人
三元實業株式会社,大阪府大阪市生野区鶴橋５丁目１４－３,2026-05-28,株式会社
兆天株式会社,大阪府大阪市東成区大今里南１丁目１１番１４号,2026-05-28,株式会社
合同会社アテンド,大阪府大阪市西淀川区姫里１丁目１３－１５,2026-05-28,合同会社
合同会社オフィスショウ,大阪府高槻市緑が丘１丁目８番９号ＨｉｇｈｅｒＧｒｏｕｎｄＡ棟３０１号,2026-05-28,合同会社
合同会社テクノロ,大阪府守口市松月町２番１９号松月ビル一階西側,2026-05-28,合同会社
合同会社ラビリオン,大阪府守口市祝町８番１２号,2026-05-28,合同会社
合同会社凛空,大阪府大阪市城東区東中浜３丁目２‐２３,2026-05-28,合同会社
合同会社右脳左脳,大阪府大阪市浪速区幸町２丁目７番１７号９０２号室,2026-05-28,合同会社
合同会社忍,大阪府大阪市淀川区西中島２丁目１２番８－７１８号,2026-05-28,合同会社
合同会社ＣＭＳ,大阪府門真市三ツ島３丁目１０－５,2026-05-28,合同会社
合同会社Ｈｅａｖｅｎｌｙ　Ｂｌｕｅ,大阪府大阪市北区長柄東２丁目４番１２－１００６号,2026-05-28,合同会社
合同会社ＬＡＶＩＥ,大阪府東大阪市永和３丁目１０番２３号,2026-05-28,合同会社
合同会社ＭＩＴＡＮＩ,大阪府交野市倉治５丁目４番３２－１０２号,2026-05-28,合同会社
合同会社ＲＡＩＳＥ　ｓｏｌｕｔｉｏｎ,大阪府大阪市中央区内久宝寺町４丁目１－７－１００５,2026-05-28,合同会社
合同会社Ｙ’ｓ,大阪府大阪市天王寺区逢阪１丁目１－１６ＦＴ逢阪ビル３０１,2026-05-28,合同会社
合同会社ｄｏｔ９,大阪府大阪市中央区谷町８丁目２－６－２０１,2026-05-28,合同会社
大阪投資開発株式会社,大阪府八尾市福万寺町南６丁目３番１号,2026-05-28,株式会社
延博株式会社,大阪府大阪市住吉区浅香１丁目６番３５号,2026-05-28,株式会社
東大阪エコパートナーズ株式会社,大阪府東大阪市長瀬町１丁目８番１０号,2026-05-28,株式会社
株式会社アルバフロース,大阪府大阪市北区角田町８番１号大阪梅田ツインタワーズ・ノース１９Ｆ,2026-05-28,株式会社
株式会社イーグルレイズ,大阪府大阪市北区浪花町４番２６号２０１号室,2026-05-28,株式会社
株式会社キヨ建設,大阪府大阪市生野区巽東１丁目１７番１０号,2026-05-28,株式会社
株式会社ジーエムエー,大阪府大阪市西区北堀江１丁目１番１８号,2026-05-28,株式会社
株式会社パンデュース,大阪府大阪市中央区淡路町４丁目３番１号,2026-05-28,株式会社
株式会社ヒューマンライズ,大阪府大阪市中央区内久宝寺町４丁目３番８号,2026-05-28,株式会社
株式会社マウント企画エステート,大阪府大阪市東淀川区東中島１丁目１７番５号,2026-05-28,株式会社
株式会社和屋,大阪府大阪市北区梅田３丁目２番１２３号,2026-05-28,株式会社
株式会社大塚商店,大阪府大阪市中央区難波３丁目１－２８作右衛門ビル２階,2026-05-28,株式会社
株式会社源,大阪府大東市太子田１丁目１番２号レオン住道１階Ｂ号室,2026-05-28,株式会社
株式会社結匠,大阪府大阪市北区梅田１丁目１２番１２号東京建物梅田ビル１２階,2026-05-28,株式会社
株式会社西山動画製作所,大阪府大阪市城東区成育２丁目１１番２２号野江センチュリーマンション９０４,2026-05-28,株式会社
株式会社陽光不動産,大阪府東大阪市東鴻池町５丁目１番１８号,2026-05-28,株式会社
株式会社鷄眞,大阪府岸和田市沼町１１番７号,2026-05-28,株式会社
株式会社ＣＴＰホールディングス,大阪府大阪市阿倍野区阿倍野筋１丁目５番１号あべのルシアス９０５,2026-05-28,株式会社
株式会社ＪＭＤ,大阪府大阪市生野区田島６丁目１３番２６号,2026-05-28,株式会社
株式会社Ｊｅｎｏ,大阪府箕面市彩都粟生北７丁目１番１３号,2026-05-28,株式会社
株式会社Ｋｏｔｏｗａ,大阪府大阪市北区梅田１丁目１‐３大阪駅前第３ビル２９階１‐１‐１号室,2026-05-28,株式会社
株式会社Ｌｕｋｅ　Ｐｒｏｄｕｃｔｉｏｎ,大阪府大阪市中央区鎗屋町１丁目２番６号ザ・スペース鎗屋町３０２,2026-05-28,株式会社
株式会社Ｎｅｘｃａｒｅ,大阪府大阪市平野区長吉出戸４丁目３番３７号,2026-05-28,株式会社
株式会社ＯｆｆｉｃｅＹｏｓｈｉｚｕｋａ,大阪府大阪市都島区大東町１丁目１１番８号エルワイズビル２階,2026-05-28,株式会社
株式会社Ｐｏｓｉｔｉｏｎ,大阪府大阪市都島区毛馬町４丁目１１－２７,2026-05-28,株式会社
株式会社Ｖｙｎｉｘ,大阪府守口市馬場町２丁目４－１９丹山,2026-05-28,株式会社
株式会社Ｙ’ｓ　Ｔｒｅｅ,大阪府大阪市東住吉区矢田１丁目２０番１７号,2026-05-28,株式会社
株式会社ｃｏｔｒｉｓｅ,大阪府大阪市北区梅田１丁目１番３号大阪駅前第３ビル２５階,2026-05-28,株式会社
株式会社ｅ‐ｓｔｙｌｅ,大阪府東大阪市西堤西３番３５号,2026-05-28,株式会社
武和グループ株式会社,大阪府大阪市旭区大宮５丁目２番３３号,2026-05-28,株式会社
瑞和株式会社,大阪府大阪市住之江区粉浜１丁目３番２５号サンシティ粉浜２０５号室,2026-05-28,株式会社
Ｃｏｎｔｒｉｂｕｔｉｏｎ　Ｅａｒｔｈ株式会社,大阪府大阪市北区西天満２丁目６番８号,2026-05-28,株式会社
ＧＯＯＤＴＡＣ株式会社,大阪府大阪市北区豊崎２丁目９－１８デュークスＴ梅田１Ｂ,2026-05-28,株式会社
ＧｅｔＢｉｇ株式会社,大阪府大阪市中央区備後町３丁目４フクエイビル３０６号,2026-05-28,株式会社
ＩＭＳ合同会社,大阪府枚方市山之上５丁目２７番４９号,2026-05-28,合同会社
ＪＰＸＦＯＯＤＳＥＲＶＩＣＥＳ株式会社,大阪府門真市東田町２１番１１号,2026-05-28,株式会社
ＫＩＮＧ株式会社,大阪府大阪市西成区南開２丁目４番１３号,2026-05-28,株式会社
Ｒｉｓｈａｎｔｈａ　Ｅｎｔｅｒｐｒｉｓｅｓ,大阪府藤井寺市道明寺１丁目２１－２１富陽文化２０４号室,2026-05-28,外国会社等
ＷＡＫＩＴＡ・Ｌサポート株式会社,大阪府大阪市住之江区南港東１丁目８番８号,2026-05-28,株式会社
ｅｌｅｖｅｎｔｈ　ｈｏｕｒ合同会社,大阪府三島郡島本町江川２丁目１３番２号水無瀬駅前団地１０３,2026-05-28,合同会社
ライフロッカー合同会社,兵庫県神戸市長田区御船通２丁目１番地の２ウィスティリアコート神戸Ⅱ５０５号,2026-05-28,合同会社
一般社団法人兵庫県トライアスロン協会,兵庫県神戸市中央区海岸通３丁目１番１号,2026-05-28,その他の設立登記法人
合同会社Ｕｎｉｗａ,兵庫県神戸市東灘区深江北町５丁目７－１６,2026-05-28,合同会社
合同会社ｓｔｕｄｉｏ　ｍｏｖｅ　ｏｎ,兵庫県芦屋市西山町１８番１号,2026-05-28,合同会社
株式会社いゔ,兵庫県宝塚市山本野里１丁目５１番１号,2026-05-28,株式会社
株式会社カンテサンス,兵庫県神戸市東灘区向洋町中１丁目１０番地、１０１号棟３４０２号室,2026-05-28,株式会社
株式会社ｖｉｃｔｏｒｙ,兵庫県小野市古川町１２４５－３,2026-05-28,株式会社
Ｋスマイルクリエイト株式会社,兵庫県神戸市垂水区舞子台３丁目１３番１号,2026-05-28,株式会社
うえた設備株式会社,鳥取県八頭郡八頭町福井１３０番地１,2026-05-28,株式会社
株式会社ＲＥＮＯＶＡＳ,鳥取県鳥取市用瀬町川中１８１－１,2026-05-28,株式会社
合同会社Ｓｕｍｉｋａ,岡山県倉敷市亀山６８３－１,2026-05-28,合同会社
株式会社アヴェーレリンク,広島県広島市南区仁保２丁目８番１０－２号,2026-05-28,株式会社
株式会社勝達商事,広島県東広島市黒瀬町兼沢２０３０－１,2026-05-28,株式会社
株式会社ＦＥＬＩＣＥ,広島県広島市安佐南区山本新町４丁目１２番７号,2026-05-28,株式会社
株式会社Ｓｔｙｌｅ,広島県広島市西区横川町１丁目４番３７号末広ビル４０１号,2026-05-28,株式会社
Ｊ‐ＰＯＲＴ合同会社,広島県広島市安佐南区西原６丁目８番１２－２号,2026-05-28,合同会社
合同会社ファイス,山口県宇部市大字西岐波２４３７番地４,2026-05-28,合同会社
一般社団法人地域映像連携機構,徳島県徳島市丈六町西内６７番地の８,2026-05-28,その他の設立登記法人
一般社団法人ａｗａ　ｅｎ　ｂｌｕｅ,徳島県徳島市新南福島２丁目５番２６号,2026-05-28,その他の設立登記法人
合同会社Ｌｉｂｒｅ,徳島県阿波市阿波町南整理２２７番地２,2026-05-28,合同会社
株式会社敏公安開発,徳島県板野郡松茂町広島字東裏１番地２９,2026-05-28,株式会社
合同会社ＡＩＳＨＩＮ・Ｑ,香川県観音寺市木之郷町８６４－２,2026-05-28,合同会社
一般社団法人ＮＥＸＴ　ＬＩＦＥ,愛媛県松山市桑原２丁目１２番２０号,2026-05-28,その他の設立登記法人
株式会社ソリッドプロバイド,愛媛県松山市東長戸４丁目５番３０号,2026-05-28,株式会社
株式会社ＧＲＥＥＮ,愛媛県松山市美沢１丁目２番３１号,2026-05-28,株式会社
株式会社川﨑興業,高知県高知市旭町１丁目６４番地,2026-05-28,株式会社
一般社団法人みらい舎,福岡県大牟田市大字歴木７７８番地６,2026-05-28,その他の設立登記法人
合同会社ひだまり,福岡県福岡市早良区梅林６丁目３０番１３号,2026-05-28,合同会社
合同会社クイント,福岡県福岡市中央区警固２丁目１２番１２号,2026-05-28,合同会社
合同会社スリーピース,福岡県田川市大字川宮１５９２－８,2026-05-28,合同会社
合同会社鎮西陸送,福岡県小郡市津古８３９－４０サンライトマンション２０１,2026-05-28,合同会社
合同会社ＡＹホールディングス,福岡県福岡市中央区舞鶴１丁目９番４号,2026-05-28,合同会社
合同会社ＥＢ投資事業法人１号,福岡県福岡市中央区渡辺通１丁目１―１サンセルコビル３Ｆ,2026-05-28,合同会社
合同会社ＪＤＩＰ‐１７,福岡県糸島市二丈石崎２０番地１,2026-05-28,合同会社
合同会社Ｗｏｗ,福岡県北九州市戸畑区中本町２番９号,2026-05-28,合同会社
株式会社九林工和,福岡県福岡市西区戸切２丁目９番１０号,2026-05-28,株式会社
株式会社奥廓,福岡県福岡市中央区平和３丁目９‐６‐２０５,2026-05-28,株式会社
株式会社山口装蹄所,福岡県北九州市小倉北区泉台２丁目２８番１２号,2026-05-28,株式会社
株式会社鷹商,福岡県北九州市八幡西区鷹の巣１丁目１４番２１号７０５号,2026-05-28,株式会社
株式会社ＯＮＯ電気,福岡県中間市桜台１丁目２０番１３－１０２号,2026-05-28,株式会社
株式会社Ｓｔｏｃｈａｓｔｉｏｎ,福岡県古賀市花見南２丁目１４番２４号,2026-05-28,株式会社
特定非営利活動法人あおぞらスポーツ,福岡県福岡市城南区梅林３丁目２５番３４－３号,2026-05-28,その他の設立登記法人
Ｊａｎｅグループ合同会社,福岡県福岡市東区東浜１丁目１１－１－１２０１,2026-05-28,合同会社
Ｌｅｎａｉｌ株式会社,福岡県福岡市中央区今泉１丁目２番８号３階,2026-05-28,株式会社
ＮＥＯ　ＡＳＩＡ協同組合,福岡県那珂川市中原３丁目１２７番地－２階Ｅ３号室,2026-05-28,その他の設立登記法人
ＲＯＯＴＳ株式会社,福岡県遠賀郡遠賀町大字老良４９４－６,2026-05-28,株式会社
ＦｉＳ工業合同会社,佐賀県神埼市神埼町本堀２６０７番地１０,2026-05-28,合同会社
株式会社栄匠工業,長崎県大村市上諏訪町１０４９番地９,2026-05-28,株式会社
株式会社ｎｉｃｏ‐ＢＡＳＥＭＥＮＴ,長崎県佐世保市船越町２０３９－１,2026-05-28,株式会社
一般社団法人ワーキングキャリア協会,熊本県熊本市中央区国府１丁目１８番４８号,2026-05-28,その他の設立登記法人
合同会社和舎,熊本県熊本市中央区渡鹿４丁目１２番７号,2026-05-28,合同会社
帆宣ＳＣ半導体株式会社,熊本県菊池郡大津町大字室１５５５,2026-05-28,株式会社
株式会社畑の宝石,熊本県玉名市横島町横島１０２１０番地３,2026-05-28,株式会社
株式会社ＴＯＪＩＳＭ,熊本県阿蘇郡小国町大字下城３３９７番地１,2026-05-28,株式会社
ＴＮ合同会社,熊本県熊本市南区十禅寺２丁目３番１６号,2026-05-28,合同会社
株式会社Ｒｉｃｈ　Ｗｉｎ,大分県大分市勢家町４丁目５番２０－８０３号サンパーク春日の杜グラッセ,2026-05-28,株式会社
特定非営利活動法人ガレージ都農,宮崎県児湯郡都農町大字川北７６５番地,2026-05-28,その他の設立登記法人
合同会社Ｍ４,鹿児島県曽於郡大崎町神領６８１番地２,2026-05-28,合同会社
合同会社ＮＯＶＡＩ,鹿児島県奄美市笠利町大字喜瀬２５０番地,2026-05-28,合同会社
株式会社ベネフィシアＩ,鹿児島県熊毛郡屋久島町尾之間１１０３番地５２,2026-05-28,株式会社
株式会社宝金属,鹿児島県志布志市有明町野井倉８１７１番地７,2026-05-28,株式会社
ブルーフロンティアーズ沖縄株式会社,沖縄県那覇市泊１丁目１８番地１３,2026-05-28,株式会社
リンク沖縄株式会社,沖縄県那覇市字仲井真２４３番地７ココ・シェルジュ１０３,2026-05-28,株式会社
一般社団法人ゆいゆい,沖縄県宮古島市平良字荷川取１３７７番地１３,2026-05-28,その他の設立登記法人
一般社団法人よりそいサポートｓｏｌ,沖縄県那覇市与儀１丁目１番２８号与儀メディカルモール２０３,2026-05-28,その他の設立登記法人
一般社団法人伊良部の郷土と海と資源を守る会,沖縄県宮古島市伊良部字佐和田１１８１番地６,2026-05-28,その他の設立登記法人
合同会社粋‐ｓｕｉ,沖縄県宜野湾市普天間２丁目４３－１３－１０１,2026-05-28,合同会社
合同会社ＲＯＮ,沖縄県那覇市字松川４５０－１,2026-05-28,合同会社
新屋合同会社,沖縄県那覇市楚辺２丁目６番７号,2026-05-28,合同会社
株式会社ハピノワ,沖縄県那覇市泉崎１丁目２０番１号,2026-05-28,株式会社
株式会社全設備,沖縄県那覇市首里汀良町３丁目８０番地２・１０１号室,2026-05-28,株式会社
株式会社Ｉｓｌａｎｄ　Ｋｎｏｃｋ,沖縄県宮古島市平良字久貝１０８０番地２３,2026-05-28,株式会社
株式会社ＫＯＲＹＯ,沖縄県宜野湾市新城２丁目２９番８号,2026-05-28,株式会社
株式会社Ｑｕｅｅｎ,沖縄県宮古島市平良字西里２３３番地・１階東,2026-05-28,株式会社
株式会社Ｔｒｉｐｌｅ　Ｂａｒｒｅｌ,沖縄県中頭郡読谷村字上地３４７－１ピュアライフ和３０６,2026-05-28,株式会社
株式会社ｓｉｍＡｓｉｍ　Ｒｅｓｏｒｔ,沖縄県国頭郡本部町字石川３５８番地,2026-05-28,株式会社
株式会社ｙｅｓ,沖縄県那覇市銘苅１丁目２番１号ハビテーション丸嘉１０２号,2026-05-28,株式会社
ＮＨＤ株式会社,沖縄県浦添市西原２丁目３番５号,2026-05-28,株式会社
